pha,population,sex,year,asr_per_100k,disease
10245,147.0,females,2014,1744.7,Respiratory disease
10226,185.0,females,2014,2056.7,Respiratory disease
10249,142.0,females,2014,2142.6,Respiratory disease
10032,218.0,females,2014,1339.2,Respiratory disease
10250,253.0,females,2014,1960.2,Respiratory disease
10014,323.0,females,2014,1653.1,Respiratory disease
10055,378.0,females,2014,1638.8,Respiratory disease
50051,177.0,females,2014,1325.3,Respiratory disease
10256,220.0,females,2014,1773.2,Respiratory disease
10258,38.0,females,2014,1228.4,Respiratory disease
20028,278.0,females,2014,1323.5,Respiratory disease
10063,310.0,females,2014,1872.1,Respiratory disease
10137,165.0,females,2014,1941.6,Respiratory disease
10071,148.0,females,2014,1186.8,Respiratory disease
10090,238.0,females,2014,1724.5,Respiratory disease
10041,291.0,females,2014,1640.8,Respiratory disease
10188,165.0,females,2014,2149.0,Respiratory disease
10211,225.0,females,2014,1381.7,Respiratory disease
10080,218.0,females,2014,1538.7,Respiratory disease
10118,250.0,females,2014,1643.7,Respiratory disease
10326,190.0,females,2014,1799.2,Respiratory disease
10230,202.0,females,2014,1703.8,Respiratory disease
70006,134.0,females,2014,2371.9,Respiratory disease
10292,214.0,females,2014,1815.4,Respiratory disease
10069,210.0,females,2014,1504.2,Respiratory disease
10259,202.0,females,2014,2200.1,Respiratory disease
10049,274.0,females,2014,1763.0,Respiratory disease
10284,152.0,females,2014,1470.1,Respiratory disease
10042,182.0,females,2014,1318.8,Respiratory disease
20005,106.0,females,2014,1574.7,Respiratory disease
10173,372.0,females,2014,2146.3,Respiratory disease
10103,199.0,females,2014,1917.8,Respiratory disease
10050,317.0,females,2014,1899.0,Respiratory disease
10007,400.0,females,2014,1769.1,Respiratory disease
10168,181.0,females,2014,2035.8,Respiratory disease
10091,311.0,females,2014,1627.4,Respiratory disease
10270,141.0,females,2014,1377.7,Respiratory disease
20189,119.0,females,2014,2311.7,Respiratory disease
10271,46.0,females,2014,1376.2,Respiratory disease
20026,73.0,females,2014,1725.4,Respiratory disease
10220,287.0,females,2014,1804.9,Respiratory disease
10318,,females,2014,,Respiratory disease
10064,336.0,females,2014,1819.2,Respiratory disease
10162,188.0,females,2014,1591.2,Respiratory disease
10022,330.0,females,2014,1866.0,Respiratory disease
10106,172.0,females,2014,1861.6,Respiratory disease
10182,74.0,females,2014,1975.4,Respiratory disease
10107,358.0,females,2014,1652.7,Respiratory disease
10108,,females,2014,,Respiratory disease
10278,82.0,females,2014,1537.4,Respiratory disease
10164,,females,2014,,Respiratory disease
10119,87.0,females,2014,2083.6,Respiratory disease
60027,67.0,females,2014,1628.2,Respiratory disease
10105,175.0,females,2014,1602.9,Respiratory disease
10193,223.0,females,2014,4122.3,Respiratory disease
60047,22.0,females,2014,2702.0,Respiratory disease
10021,409.0,females,2014,1906.6,Respiratory disease
10279,200.0,females,2014,1488.1,Respiratory disease
10142,389.0,females,2014,2362.4,Respiratory disease
10031,71.0,females,2014,1497.7,Respiratory disease
10098,213.0,females,2014,2304.1,Respiratory disease
10161,31.0,females,2014,1698.0,Respiratory disease
10201,141.0,females,2014,2213.3,Respiratory disease
10195,227.0,females,2014,1811.4,Respiratory disease
40045,111.0,females,2014,1626.4,Respiratory disease
10096,298.0,females,2014,1976.7,Respiratory disease
40061,100.0,females,2014,1405.7,Respiratory disease
10043,319.0,females,2014,1520.0,Respiratory disease
10028,362.0,females,2014,2974.9,Respiratory disease
20054,119.0,females,2014,1171.2,Respiratory disease
20092,127.0,females,2014,1905.6,Respiratory disease
10099,405.0,females,2014,2352.5,Respiratory disease
10294,144.0,females,2014,1785.7,Respiratory disease
10236,91.0,females,2014,1647.3,Respiratory disease
10072,136.0,females,2014,1235.9,Respiratory disease
30184,310.0,females,2014,5839.6,Respiratory disease
10295,71.0,females,2014,1618.4,Respiratory disease
10143,151.0,females,2014,1237.8,Respiratory disease
10001,200.0,females,2014,2214.3,Respiratory disease
10102,252.0,females,2014,2360.4,Respiratory disease
10068,341.0,females,2014,1596.4,Respiratory disease
40003,138.0,females,2014,1239.6,Respiratory disease
10194,271.0,females,2014,3597.5,Respiratory disease
10121,186.0,females,2014,1400.6,Respiratory disease
10011,226.0,females,2014,1713.8,Respiratory disease
10319,73.0,females,2014,1411.8,Respiratory disease
10109,344.0,females,2014,2394.4,Respiratory disease
10067,229.0,females,2014,1214.1,Respiratory disease
10144,257.0,females,2014,1377.2,Respiratory disease
10073,176.0,females,2014,1247.4,Respiratory disease
10150,237.0,females,2014,1579.0,Respiratory disease
20023,138.0,females,2014,1411.0,Respiratory disease
20011,54.0,females,2014,1260.1,Respiratory disease
10298,168.0,females,2014,2276.7,Respiratory disease
10299,190.0,females,2014,2519.3,Respiratory disease
10016,278.0,females,2014,1348.4,Respiratory disease
10017,201.0,females,2014,1917.2,Respiratory disease
10165,63.0,females,2014,1601.7,Respiratory disease
10015,283.0,females,2014,1682.6,Respiratory disease
10147,384.0,females,2014,1941.9,Respiratory disease
10274,65.0,females,2014,1278.6,Respiratory disease
10175,265.0,females,2014,2710.9,Respiratory disease
10166,49.0,females,2014,1102.1,Respiratory disease
10196,284.0,females,2014,2524.9,Respiratory disease
10313,440.0,females,2014,3285.8,Respiratory disease
30213,305.0,females,2014,2153.5,Respiratory disease
10202,218.0,females,2014,1897.2,Respiratory disease
10272,210.0,females,2014,1342.2,Respiratory disease
10077,317.0,females,2014,1424.1,Respiratory disease
10123,169.0,females,2014,1863.1,Respiratory disease
10231,132.0,females,2014,1530.1,Respiratory disease
10010,212.0,females,2014,1898.2,Respiratory disease
10100,227.0,females,2014,2443.1,Respiratory disease
10044,172.0,females,2014,1354.2,Respiratory disease
20155,,females,2014,,Respiratory disease
20025,172.0,females,2014,1458.4,Respiratory disease
10139,61.0,females,2014,2018.7,Respiratory disease
10189,308.0,females,2014,1868.0,Respiratory disease
10045,214.0,females,2014,1784.1,Respiratory disease
10254,140.0,females,2014,3211.3,Respiratory disease
40053,249.0,females,2014,1958.9,Respiratory disease
10176,130.0,females,2014,2312.9,Respiratory disease
10177,259.0,females,2014,2981.4,Respiratory disease
10086,257.0,females,2014,1378.9,Respiratory disease
10093,281.0,females,2014,1546.3,Respiratory disease
10198,181.0,females,2014,1920.8,Respiratory disease
10221,222.0,females,2014,1728.8,Respiratory disease
20044,205.0,females,2014,1401.8,Respiratory disease
10092,394.0,females,2014,2071.7,Respiratory disease
40008,43.0,females,2014,957.6,Respiratory disease
10074,238.0,females,2014,1550.8,Respiratory disease
10151,265.0,females,2014,1682.0,Respiratory disease
10199,41.0,females,2014,1725.7,Respiratory disease
10152,450.0,females,2014,1504.9,Respiratory disease
60013,83.0,females,2014,1140.7,Respiratory disease
60021,90.0,females,2014,1909.0,Respiratory disease
10018,201.0,females,2014,1544.2,Respiratory disease
10197,221.0,females,2014,2344.2,Respiratory disease
40002,125.0,females,2014,1592.7,Respiratory disease
40082,22.0,females,2014,1992.8,Respiratory disease
10104,152.0,females,2014,2128.0,Respiratory disease
50118,,females,2014,,Respiratory disease
10237,209.0,females,2014,1405.6,Respiratory disease
40022,357.0,females,2014,2814.6,Respiratory disease
10083,314.0,females,2014,1598.2,Respiratory disease
10133,293.0,females,2014,1441.4,Respiratory disease
10222,90.0,females,2014,2597.2,Respiratory disease
40097,121.0,females,2014,2057.9,Respiratory disease
10111,191.0,females,2014,2128.6,Respiratory disease
40041,218.0,females,2014,1715.0,Respiratory disease
10157,151.0,females,2014,2463.3,Respiratory disease
10128,435.0,females,2014,1900.3,Respiratory disease
40037,391.0,females,2014,1782.3,Respiratory disease
10038,187.0,females,2014,1311.4,Respiratory disease
30132,150.0,females,2014,2192.1,Respiratory disease
10204,86.0,females,2014,1948.2,Respiratory disease
10261,202.0,females,2014,2074.4,Respiratory disease
10170,,females,2014,,Respiratory disease
10280,93.0,females,2014,1520.7,Respiratory disease
10110,285.0,females,2014,1793.0,Respiratory disease
10252,159.0,females,2014,2442.6,Respiratory disease
10153,214.0,females,2014,1225.7,Respiratory disease
80000,170.0,females,2014,1576.3,Respiratory disease
10132,329.0,females,2014,1401.8,Respiratory disease
10273,175.0,females,2014,1403.5,Respiratory disease
10002,266.0,females,2014,1375.0,Respiratory disease
10122,267.0,females,2014,1474.5,Respiratory disease
10116,292.0,females,2014,2630.3,Respiratory disease
20274,193.0,females,2014,2351.9,Respiratory disease
10024,345.0,females,2014,2177.5,Respiratory disease
10246,157.0,females,2014,1707.6,Respiratory disease
10300,139.0,females,2014,1834.0,Respiratory disease
10156,331.0,females,2014,2714.3,Respiratory disease
10232,193.0,females,2014,1750.1,Respiratory disease
80024,,females,2014,,Respiratory disease
20040,392.0,females,2014,1707.9,Respiratory disease
10296,52.0,females,2014,1785.6,Respiratory disease
10124,94.0,females,2014,1201.1,Respiratory disease
10141,288.0,females,2014,1893.3,Respiratory disease
10145,356.0,females,2014,1535.4,Respiratory disease
10000,152.0,females,2014,1641.8,Respiratory disease
10260,,females,2014,,Respiratory disease
10003,349.0,females,2014,1912.3,Respiratory disease
10126,274.0,females,2014,2278.9,Respiratory disease
50102,,females,2014,,Respiratory disease
10185,235.0,females,2014,2029.4,Respiratory disease
10125,363.0,females,2014,2028.5,Respiratory disease
20264,236.0,females,2014,2290.1,Respiratory disease
10138,315.0,females,2014,1845.7,Respiratory disease
10051,425.0,females,2014,1836.2,Respiratory disease
10308,246.0,females,2014,2484.1,Respiratory disease
20050,106.0,females,2014,1719.0,Respiratory disease
10127,520.0,females,2014,2214.8,Respiratory disease
10285,160.0,females,2014,1588.1,Respiratory disease
10081,236.0,females,2014,1502.1,Respiratory disease
20008,64.0,females,2014,1152.3,Respiratory disease
10233,206.0,females,2014,2177.8,Respiratory disease
10148,406.0,females,2014,2452.4,Respiratory disease
10075,96.0,females,2014,1899.7,Respiratory disease
20172,378.0,females,2014,2085.6,Respiratory disease
10287,100.0,females,2014,2063.7,Respiratory disease
10146,,females,2014,,Respiratory disease
10140,154.0,females,2014,1892.2,Respiratory disease
10059,282.0,females,2014,1582.0,Respiratory disease
10004,141.0,females,2014,2032.7,Respiratory disease
20270,233.0,females,2014,2415.9,Respiratory disease
10084,204.0,females,2014,1715.6,Respiratory disease
10078,284.0,females,2014,1597.7,Respiratory disease
60022,76.0,females,2014,968.6,Respiratory disease
10065,113.0,females,2014,1594.9,Respiratory disease
60015,92.0,females,2014,790.0,Respiratory disease
80023,,females,2014,,Respiratory disease
60011,82.0,females,2014,2398.0,Respiratory disease
10101,570.0,females,2014,2422.9,Respiratory disease
10172,,females,2014,,Respiratory disease
10320,,females,2014,,Respiratory disease
10056,171.0,females,2014,1289.1,Respiratory disease
10224,,females,2014,,Respiratory disease
10302,119.0,females,2014,1743.0,Respiratory disease
10180,186.0,females,2014,2064.8,Respiratory disease
10179,,females,2014,,Respiratory disease
70012,106.0,females,2014,2584.7,Respiratory disease
10238,213.0,females,2014,2544.1,Respiratory disease
10239,303.0,females,2014,2622.1,Respiratory disease
10046,250.0,females,2014,1974.4,Respiratory disease
10112,288.0,females,2014,1862.6,Respiratory disease
20048,57.0,females,2014,1302.8,Respiratory disease
10066,351.0,females,2014,1410.2,Respiratory disease
20138,143.0,females,2014,1658.9,Respiratory disease
60016,68.0,females,2014,1917.5,Respiratory disease
10303,319.0,females,2014,2464.7,Respiratory disease
10286,125.0,females,2014,1311.7,Respiratory disease
10227,160.0,females,2014,1344.4,Respiratory disease
10023,492.0,females,2014,2102.7,Respiratory disease
20039,340.0,females,2014,1977.8,Respiratory disease
10190,104.0,females,2014,1949.1,Respiratory disease
10205,164.0,females,2014,1910.3,Respiratory disease
10057,392.0,females,2014,1835.5,Respiratory disease
10242,157.0,females,2014,1488.2,Respiratory disease
10212,62.0,females,2014,1660.6,Respiratory disease
20240,278.0,females,2014,1818.0,Respiratory disease
10297,90.0,females,2014,2472.9,Respiratory disease
10120,237.0,females,2014,1647.6,Respiratory disease
20130,200.0,females,2014,1644.8,Respiratory disease
10301,156.0,females,2014,1804.3,Respiratory disease
10149,288.0,females,2014,1969.9,Respiratory disease
10310,293.0,females,2014,3214.4,Respiratory disease
10070,201.0,females,2014,1615.7,Respiratory disease
10181,193.0,females,2014,1737.9,Respiratory disease
10241,,females,2014,,Respiratory disease
10218,62.0,females,2014,3300.5,Respiratory disease
10135,158.0,females,2014,1508.3,Respiratory disease
10288,208.0,females,2014,1314.9,Respiratory disease
10268,64.0,females,2014,2419.6,Respiratory disease
10240,144.0,females,2014,1804.4,Respiratory disease
70013,162.0,females,2014,3869.7,Respiratory disease
10174,,females,2014,,Respiratory disease
50098,,females,2014,,Respiratory disease
10187,197.0,females,2014,1919.8,Respiratory disease
10207,235.0,females,2014,1667.3,Respiratory disease
20218,97.0,females,2014,1419.8,Respiratory disease
10208,67.0,females,2014,1911.0,Respiratory disease
10184,366.0,females,2014,2607.2,Respiratory disease
10178,159.0,females,2014,1925.6,Respiratory disease
10209,214.0,females,2014,1777.6,Respiratory disease
10047,507.0,females,2014,1800.7,Respiratory disease
30190,410.0,females,2014,2816.5,Respiratory disease
10089,344.0,females,2014,1591.9,Respiratory disease
10033,194.0,females,2014,1551.7,Respiratory disease
10154,233.0,females,2014,1634.5,Respiratory disease
20001,221.0,females,2014,1479.5,Respiratory disease
10289,184.0,females,2014,1550.9,Respiratory disease
20002,217.0,females,2014,1657.1,Respiratory disease
70005,135.0,females,2014,2176.6,Respiratory disease
80017,57.0,females,2014,1119.2,Respiratory disease
10163,198.0,females,2014,1718.2,Respiratory disease
10265,71.0,females,2014,1651.4,Respiratory disease
10054,143.0,females,2014,1627.7,Respiratory disease
10304,130.0,females,2014,2377.8,Respiratory disease
80022,133.0,females,2014,1738.6,Respiratory disease
10171,109.0,females,2014,1660.2,Respiratory disease
10328,88.0,females,2014,1793.6,Respiratory disease
10262,61.0,females,2014,1371.4,Respiratory disease
10263,254.0,females,2014,2881.5,Respiratory disease
10062,70.0,females,2014,1320.6,Respiratory disease
20208,139.0,females,2014,1792.4,Respiratory disease
10060,339.0,females,2014,1475.0,Respiratory disease
10088,230.0,females,2014,1415.9,Respiratory disease
10329,89.0,females,2014,1679.3,Respiratory disease
10219,142.0,females,2014,1904.8,Respiratory disease
10097,248.0,females,2014,2420.0,Respiratory disease
10027,513.0,females,2014,3105.6,Respiratory disease
10029,333.0,females,2014,3221.3,Respiratory disease
20082,60.0,females,2014,1543.8,Respiratory disease
60044,30.0,females,2014,978.3,Respiratory disease
10136,332.0,females,2014,1535.9,Respiratory disease
10087,198.0,females,2014,1567.2,Respiratory disease
10130,317.0,females,2014,1694.3,Respiratory disease
10169,216.0,females,2014,1800.9,Respiratory disease
10217,134.0,females,2014,2379.8,Respiratory disease
10305,126.0,females,2014,2774.6,Respiratory disease
60010,60.0,females,2014,1271.9,Respiratory disease
10082,142.0,females,2014,1437.9,Respiratory disease
10321,174.0,females,2014,1971.7,Respiratory disease
10129,140.0,females,2014,1444.4,Respiratory disease
20181,157.0,females,2014,1603.4,Respiratory disease
60004,48.0,females,2014,1859.5,Respiratory disease
10322,239.0,females,2014,2374.6,Respiratory disease
10247,73.0,females,2014,1296.6,Respiratory disease
20141,230.0,females,2014,1196.2,Respiratory disease
10311,116.0,females,2014,2697.3,Respiratory disease
20045,371.0,females,2014,1766.9,Respiratory disease
10183,250.0,females,2014,2134.2,Respiratory disease
20068,40.0,females,2014,1471.3,Respiratory disease
10155,274.0,females,2014,1229.3,Respiratory disease
10052,152.0,females,2014,1663.7,Respiratory disease
10053,221.0,females,2014,1693.1,Respiratory disease
10243,296.0,females,2014,1726.8,Respiratory disease
10269,183.0,females,2014,1964.5,Respiratory disease
10244,174.0,females,2014,1591.3,Respiratory disease
20069,37.0,females,2014,1139.4,Respiratory disease
10039,242.0,females,2014,1551.6,Respiratory disease
40020,202.0,females,2014,2765.3,Respiratory disease
10113,112.0,females,2014,2152.7,Respiratory disease
10034,151.0,females,2014,1796.0,Respiratory disease
10223,195.0,females,2014,2323.3,Respiratory disease
10030,259.0,females,2014,2652.7,Respiratory disease
10025,280.0,females,2014,2509.6,Respiratory disease
10048,249.0,females,2014,1678.6,Respiratory disease
10213,118.0,females,2014,1598.2,Respiratory disease
10114,343.0,females,2014,2289.7,Respiratory disease
10026,100.0,females,2014,1842.6,Respiratory disease
10058,114.0,females,2014,1560.1,Respiratory disease
80004,96.0,females,2014,1754.8,Respiratory disease
80016,79.0,females,2014,1259.2,Respiratory disease
10214,56.0,females,2014,2373.4,Respiratory disease
10020,263.0,females,2014,2216.5,Respiratory disease
50063,163.0,females,2014,1352.2,Respiratory disease
10134,204.0,females,2014,1456.9,Respiratory disease
10191,215.0,females,2014,1989.5,Respiratory disease
10325,44.0,females,2014,1716.7,Respiratory disease
20228,84.0,females,2014,1388.2,Respiratory disease
20051,202.0,females,2014,1910.8,Respiratory disease
80011,254.0,females,2014,1709.5,Respiratory disease
20094,386.0,females,2014,1985.4,Respiratory disease
10228,153.0,females,2014,2340.8,Respiratory disease
10317,182.0,females,2014,2573.1,Respiratory disease
10206,165.0,females,2014,2098.8,Respiratory disease
10159,103.0,females,2014,2125.3,Respiratory disease
10061,248.0,females,2014,1303.5,Respiratory disease
20041,107.0,females,2014,1775.6,Respiratory disease
10266,238.0,females,2014,2173.5,Respiratory disease
60020,114.0,females,2014,1311.3,Respiratory disease
10160,282.0,females,2014,2685.4,Respiratory disease
10323,151.0,females,2014,1354.8,Respiratory disease
40050,236.0,females,2014,1870.3,Respiratory disease
10167,215.0,females,2014,1782.4,Respiratory disease
10200,,females,2014,,Respiratory disease
20222,211.0,females,2014,2244.1,Respiratory disease
80012,42.0,females,2014,1189.4,Respiratory disease
10085,480.0,females,2014,1472.5,Respiratory disease
10117,275.0,females,2014,2106.0,Respiratory disease
10040,75.0,females,2014,898.9,Respiratory disease
10036,260.0,females,2014,1584.3,Respiratory disease
10267,165.0,females,2014,1932.0,Respiratory disease
10290,53.0,females,2014,1425.6,Respiratory disease
10076,171.0,females,2014,1279.4,Respiratory disease
10275,101.0,females,2014,1529.0,Respiratory disease
10035,68.0,females,2014,2079.4,Respiratory disease
10037,234.0,females,2014,1728.3,Respiratory disease
80008,95.0,females,2014,1672.7,Respiratory disease
20036,269.0,females,2014,1420.5,Respiratory disease
10248,243.0,females,2014,1486.4,Respiratory disease
50065,153.0,females,2014,1620.2,Respiratory disease
80010,95.0,females,2014,1278.6,Respiratory disease
10005,212.0,females,2014,1851.3,Respiratory disease
10210,80.0,females,2014,2080.2,Respiratory disease
10131,221.0,females,2014,1898.1,Respiratory disease
40025,204.0,females,2014,1956.0,Respiratory disease
10277,116.0,females,2014,1538.0,Respiratory disease
10215,,females,2014,,Respiratory disease
10229,218.0,females,2014,1881.8,Respiratory disease
10281,164.0,females,2014,1469.5,Respiratory disease
10312,121.0,females,2014,3320.5,Respiratory disease
20152,159.0,females,2014,1728.0,Respiratory disease
10314,334.0,females,2014,3235.0,Respiratory disease
10306,289.0,females,2014,2299.7,Respiratory disease
20227,,females,2014,,Respiratory disease
10307,420.0,females,2014,2291.9,Respiratory disease
10315,286.0,females,2014,2517.9,Respiratory disease
10115,66.0,females,2014,2360.3,Respiratory disease
20271,132.0,females,2014,2430.3,Respiratory disease
20153,116.0,females,2014,1414.4,Respiratory disease
20250,23.0,females,2014,1485.2,Respiratory disease
10324,123.0,females,2014,1283.3,Respiratory disease
10006,403.0,females,2014,1695.4,Respiratory disease
10276,101.0,females,2014,1562.3,Respiratory disease
10316,194.0,females,2014,2884.4,Respiratory disease
10291,177.0,females,2014,1517.7,Respiratory disease
80013,157.0,females,2014,1656.6,Respiratory disease
20232,120.0,females,2014,1588.4,Respiratory disease
10282,69.0,females,2014,1475.2,Respiratory disease
20251,199.0,females,2014,1741.8,Respiratory disease
10158,54.0,females,2014,1463.2,Respiratory disease
20123,300.0,females,2014,2515.0,Respiratory disease
10009,222.0,females,2014,1907.4,Respiratory disease
20195,238.0,females,2014,2858.9,Respiratory disease
10012,266.0,females,2014,2608.5,Respiratory disease
20076,289.0,females,2014,1537.4,Respiratory disease
10095,274.0,females,2014,1723.5,Respiratory disease
10094,458.0,females,2014,1748.3,Respiratory disease
20043,417.0,females,2014,1526.4,Respiratory disease
20020,154.0,females,2014,1204.1,Respiratory disease
60046,18.0,females,2014,1413.1,Respiratory disease
60005,28.0,females,2014,2127.5,Respiratory disease
20259,247.0,females,2014,2420.2,Respiratory disease
10234,271.0,females,2014,1862.2,Respiratory disease
20142,294.0,females,2014,1706.4,Respiratory disease
10008,325.0,females,2014,2235.8,Respiratory disease
10013,75.0,females,2014,1721.8,Respiratory disease
20137,341.0,females,2014,1722.4,Respiratory disease
20192,137.0,females,2014,2098.6,Respiratory disease
20078,47.0,females,2014,1251.4,Respiratory disease
10216,88.0,females,2014,1466.6,Respiratory disease
10079,198.0,females,2014,1442.2,Respiratory disease
10192,109.0,females,2014,1710.6,Respiratory disease
10235,201.0,females,2014,1881.6,Respiratory disease
20151,94.0,females,2014,1343.2,Respiratory disease
20022,90.0,females,2014,1480.3,Respiratory disease
20184,160.0,females,2014,1885.1,Respiratory disease
20003,201.0,females,2014,1252.3,Respiratory disease
20238,218.0,females,2014,1975.7,Respiratory disease
20247,176.0,females,2014,1915.8,Respiratory disease
20160,214.0,females,2014,2458.3,Respiratory disease
20187,281.0,females,2014,1823.9,Respiratory disease
20185,217.0,females,2014,3034.8,Respiratory disease
20027,226.0,females,2014,1072.6,Respiratory disease
20145,,females,2014,,Respiratory disease
20100,311.0,females,2014,1912.7,Respiratory disease
20186,134.0,females,2014,1091.1,Respiratory disease
20032,209.0,females,2014,1152.7,Respiratory disease
20088,189.0,females,2014,2274.1,Respiratory disease
20239,268.0,females,2014,1937.0,Respiratory disease
20269,243.0,females,2014,2347.9,Respiratory disease
40065,91.0,females,2014,1625.3,Respiratory disease
20262,162.0,females,2014,1641.7,Respiratory disease
20156,109.0,females,2014,1403.0,Respiratory disease
20114,256.0,females,2014,2251.8,Respiratory disease
20231,74.0,females,2014,1955.3,Respiratory disease
20209,227.0,females,2014,1511.4,Respiratory disease
20197,262.0,females,2014,1496.3,Respiratory disease
20118,309.0,females,2014,1917.3,Respiratory disease
20119,246.0,females,2014,2498.9,Respiratory disease
20035,279.0,females,2014,1481.1,Respiratory disease
20206,38.0,females,2014,1905.2,Respiratory disease
20087,181.0,females,2014,2946.8,Respiratory disease
20000,150.0,females,2014,1277.8,Respiratory disease
50013,148.0,females,2014,1921.8,Respiratory disease
20115,92.0,females,2014,2321.3,Respiratory disease
20037,168.0,females,2014,1333.7,Respiratory disease
20143,49.0,females,2014,1321.4,Respiratory disease
20253,,females,2014,,Respiratory disease
20201,43.0,females,2014,1600.9,Respiratory disease
20047,34.0,females,2014,887.7,Respiratory disease
20196,190.0,females,2014,3357.0,Respiratory disease
20124,322.0,females,2014,2856.5,Respiratory disease
20202,193.0,females,2014,1907.5,Respiratory disease
20108,355.0,females,2014,1930.8,Respiratory disease
20272,135.0,females,2014,1881.7,Respiratory disease
20273,149.0,females,2014,1806.5,Respiratory disease
20024,116.0,females,2014,1651.3,Respiratory disease
20139,298.0,females,2014,1309.1,Respiratory disease
40006,111.0,females,2014,1060.1,Respiratory disease
40056,190.0,females,2014,1598.9,Respiratory disease
40024,197.0,females,2014,1642.7,Respiratory disease
20083,154.0,females,2014,1888.9,Respiratory disease
70000,164.0,females,2014,1866.9,Respiratory disease
20255,86.0,females,2014,1702.2,Respiratory disease
40068,87.0,females,2014,1805.3,Respiratory disease
40054,350.0,females,2014,1898.6,Respiratory disease
40062,61.0,females,2014,1394.6,Respiratory disease
20223,177.0,females,2014,2301.1,Respiratory disease
40033,77.0,females,2014,1491.5,Respiratory disease
40058,276.0,females,2014,1822.6,Respiratory disease
40038,386.0,females,2014,2401.8,Respiratory disease
40048,111.0,females,2014,1791.8,Respiratory disease
40042,272.0,females,2014,1517.0,Respiratory disease
40027,164.0,females,2014,1980.3,Respiratory disease
20129,201.0,females,2014,1672.5,Respiratory disease
40016,80.0,females,2014,1947.4,Respiratory disease
70002,127.0,females,2014,1887.1,Respiratory disease
20263,213.0,females,2014,2013.2,Respiratory disease
20248,90.0,females,2014,1877.4,Respiratory disease
40074,122.0,females,2014,2129.5,Respiratory disease
40017,248.0,females,2014,2452.3,Respiratory disease
50083,107.0,females,2014,1555.2,Respiratory disease
40032,200.0,females,2014,2305.8,Respiratory disease
40014,133.0,females,2014,1410.7,Respiratory disease
60040,13.0,females,2014,496.4,Respiratory disease
40049,324.0,females,2014,2458.5,Respiratory disease
40069,51.0,females,2014,2158.1,Respiratory disease
40034,199.0,females,2014,1870.3,Respiratory disease
40028,144.0,females,2014,1772.4,Respiratory disease
20207,99.0,females,2014,2386.4,Respiratory disease
40090,36.0,females,2014,1489.0,Respiratory disease
20224,103.0,females,2014,2412.6,Respiratory disease
40093,390.0,females,2014,2589.0,Respiratory disease
40004,139.0,females,2014,1977.5,Respiratory disease
50005,107.0,females,2014,2454.7,Respiratory disease
40059,302.0,females,2014,1947.3,Respiratory disease
40005,167.0,females,2014,2142.0,Respiratory disease
40071,83.0,females,2014,1911.9,Respiratory disease
40098,150.0,females,2014,3308.9,Respiratory disease
40092,101.0,females,2014,3220.9,Respiratory disease
40101,201.0,females,2014,2148.4,Respiratory disease
40013,254.0,females,2014,1711.0,Respiratory disease
40091,128.0,females,2014,2341.4,Respiratory disease
40018,,females,2014,,Respiratory disease
40066,116.0,females,2014,2136.3,Respiratory disease
40099,,females,2014,,Respiratory disease
20254,255.0,females,2014,2408.6,Respiratory disease
20103,160.0,females,2014,1687.2,Respiratory disease
40094,76.0,females,2014,2339.1,Respiratory disease
40039,278.0,females,2014,1851.8,Respiratory disease
50108,,females,2014,,Respiratory disease
20120,118.0,females,2014,2128.5,Respiratory disease
40100,104.0,females,2014,2262.3,Respiratory disease
40029,305.0,females,2014,1894.5,Respiratory disease
40095,,females,2014,,Respiratory disease
40067,141.0,females,2014,2202.4,Respiratory disease
40023,,females,2014,,Respiratory disease
40075,53.0,females,2014,2384.2,Respiratory disease
20159,144.0,females,2014,1299.5,Respiratory disease
40072,73.0,females,2014,2363.0,Respiratory disease
50033,265.0,females,2014,1226.1,Respiratory disease
40019,314.0,females,2014,2444.9,Respiratory disease
40063,213.0,females,2014,1553.0,Respiratory disease
40010,184.0,females,2014,1458.9,Respiratory disease
40085,36.0,females,2014,2414.7,Respiratory disease
50112,87.0,females,2014,4236.4,Respiratory disease
40096,82.0,females,2014,2649.2,Respiratory disease
20038,48.0,females,2014,889.4,Respiratory disease
40080,154.0,females,2014,1855.2,Respiratory disease
40073,290.0,females,2014,3561.5,Respiratory disease
40102,,females,2014,,Respiratory disease
40064,103.0,females,2014,1218.7,Respiratory disease
50074,153.0,females,2014,921.0,Respiratory disease
40087,82.0,females,2014,2198.8,Respiratory disease
50034,288.0,females,2014,1731.3,Respiratory disease
50015,270.0,females,2014,1540.6,Respiratory disease
20246,345.0,females,2014,2206.2,Respiratory disease
20057,133.0,females,2014,1735.3,Respiratory disease
40103,66.0,females,2014,1992.9,Respiratory disease
50045,218.0,females,2014,2439.5,Respiratory disease
50020,135.0,females,2014,1290.2,Respiratory disease
50010,110.0,females,2014,1345.3,Respiratory disease
40081,336.0,females,2014,2980.1,Respiratory disease
40026,183.0,females,2014,1804.3,Respiratory disease
50116,190.0,females,2014,2018.8,Respiratory disease
50072,191.0,females,2014,1149.5,Respiratory disease
50006,83.0,females,2014,1066.1,Respiratory disease
40088,36.0,females,2014,1192.7,Respiratory disease
40060,,females,2014,,Respiratory disease
40015,160.0,females,2014,1277.1,Respiratory disease
50046,66.0,females,2014,957.2,Respiratory disease
50076,271.0,females,2014,1967.4,Respiratory disease
50055,363.0,females,2014,1444.8,Respiratory disease
50043,167.0,females,2014,1429.0,Respiratory disease
50086,,females,2014,,Respiratory disease
50021,111.0,females,2014,1649.2,Respiratory disease
50064,71.0,females,2014,1157.3,Respiratory disease
50067,149.0,females,2014,1357.0,Respiratory disease
50050,291.0,females,2014,1552.7,Respiratory disease
50073,229.0,females,2014,1119.6,Respiratory disease
50089,66.0,females,2014,1532.6,Respiratory disease
50084,309.0,females,2014,2304.4,Respiratory disease
50081,205.0,females,2014,1564.4,Respiratory disease
50007,173.0,females,2014,1162.0,Respiratory disease
50026,64.0,females,2014,1412.7,Respiratory disease
50123,143.0,females,2014,2268.6,Respiratory disease
50071,204.0,females,2014,2157.5,Respiratory disease
50128,,females,2014,,Respiratory disease
50060,129.0,females,2014,1632.1,Respiratory disease
50047,132.0,females,2014,1673.2,Respiratory disease
50052,278.0,females,2014,1475.0,Respiratory disease
50044,98.0,females,2014,2554.8,Respiratory disease
50101,259.0,females,2014,4967.7,Respiratory disease
50038,206.0,females,2014,1390.5,Respiratory disease
50053,167.0,females,2014,827.3,Respiratory disease
50035,242.0,females,2014,1030.3,Respiratory disease
50091,88.0,females,2014,1483.2,Respiratory disease
30061,84.0,females,2014,1217.3,Respiratory disease
50082,48.0,females,2014,1185.6,Respiratory disease
50039,254.0,females,2014,1689.1,Respiratory disease
50028,203.0,females,2014,1128.8,Respiratory disease
50085,39.0,females,2014,1665.8,Respiratory disease
50105,59.0,females,2014,1388.9,Respiratory disease
30137,130.0,females,2014,1848.6,Respiratory disease
30182,157.0,females,2014,1980.0,Respiratory disease
50061,192.0,females,2014,1201.4,Respiratory disease
50095,,females,2014,,Respiratory disease
50040,167.0,females,2014,1530.2,Respiratory disease
50058,204.0,females,2014,1481.9,Respiratory disease
50069,98.0,females,2014,1233.9,Respiratory disease
50075,58.0,females,2014,1961.1,Respiratory disease
50104,62.0,females,2014,2059.3,Respiratory disease
30126,253.0,females,2014,1927.5,Respiratory disease
30212,150.0,females,2014,1582.6,Respiratory disease
30123,234.0,females,2014,2777.0,Respiratory disease
50017,70.0,females,2014,927.0,Respiratory disease
60036,110.0,females,2014,2768.0,Respiratory disease
30128,340.0,females,2014,3491.6,Respiratory disease
30138,169.0,females,2014,2440.2,Respiratory disease
50066,52.0,females,2014,1304.4,Respiratory disease
30021,182.0,females,2014,2350.6,Respiratory disease
50079,289.0,females,2014,1612.6,Respiratory disease
50077,251.0,females,2014,1785.2,Respiratory disease
50031,155.0,females,2014,1298.3,Respiratory disease
50113,35.0,females,2014,2337.3,Respiratory disease
50114,60.0,females,2014,3479.6,Respiratory disease
50087,109.0,females,2014,2465.2,Respiratory disease
50008,175.0,females,2014,1227.3,Respiratory disease
50037,185.0,females,2014,1030.3,Respiratory disease
20163,115.0,females,2014,1855.5,Respiratory disease
50088,111.0,females,2014,1658.5,Respiratory disease
50000,122.0,females,2014,1831.7,Respiratory disease
30066,270.0,females,2014,2415.5,Respiratory disease
50068,152.0,females,2014,1388.9,Respiratory disease
50002,164.0,females,2014,1643.0,Respiratory disease
50022,260.0,females,2014,1818.3,Respiratory disease
50093,,females,2014,,Respiratory disease
30142,233.0,females,2014,3509.6,Respiratory disease
30174,122.0,females,2014,1956.8,Respiratory disease
50036,267.0,females,2014,1345.8,Respiratory disease
50107,108.0,females,2014,1599.6,Respiratory disease
50106,220.0,females,2014,2040.5,Respiratory disease
50018,59.0,females,2014,1037.4,Respiratory disease
50001,462.0,females,2014,2490.7,Respiratory disease
40011,166.0,females,2014,1305.2,Respiratory disease
50059,155.0,females,2014,1101.1,Respiratory disease
50099,194.0,females,2014,3363.2,Respiratory disease
40012,143.0,females,2014,1733.3,Respiratory disease
50111,111.0,females,2014,2033.4,Respiratory disease
50100,99.0,females,2014,5246.6,Respiratory disease
50019,92.0,females,2014,1403.3,Respiratory disease
70011,238.0,females,2014,4028.8,Respiratory disease
50030,157.0,females,2014,1341.8,Respiratory disease
70010,194.0,females,2014,2873.7,Respiratory disease
20006,339.0,females,2014,1626.0,Respiratory disease
50090,128.0,females,2014,2100.8,Respiratory disease
50023,37.0,females,2014,2001.3,Respiratory disease
30175,145.0,females,2014,1694.1,Respiratory disease
50120,,females,2014,,Respiratory disease
50057,142.0,females,2014,1275.9,Respiratory disease
20126,445.0,females,2014,3492.0,Respiratory disease
20210,310.0,females,2014,2286.7,Respiratory disease
10203,71.0,females,2014,2116.1,Respiratory disease
10253,331.0,females,2014,2533.9,Respiratory disease
20244,130.0,females,2014,2509.0,Respiratory disease
20089,345.0,females,2014,2408.2,Respiratory disease
20125,144.0,females,2014,2314.4,Respiratory disease
20095,290.0,females,2014,2039.4,Respiratory disease
20070,275.0,females,2014,2185.4,Respiratory disease
40021,144.0,females,2014,2206.2,Respiratory disease
10255,120.0,females,2014,1778.5,Respiratory disease
20131,318.0,females,2014,2261.8,Respiratory disease
20132,231.0,females,2014,1509.7,Respiratory disease
20190,77.0,females,2014,1875.1,Respiratory disease
20101,352.0,females,2014,1977.5,Respiratory disease
20102,195.0,females,2014,1500.3,Respiratory disease
20007,48.0,females,2014,1083.3,Respiratory disease
20191,89.0,females,2014,1846.5,Respiratory disease
20144,209.0,females,2014,2105.9,Respiratory disease
20009,61.0,females,2014,1035.2,Respiratory disease
20033,187.0,females,2014,1222.9,Respiratory disease
50011,77.0,females,2014,799.6,Respiratory disease
20099,174.0,females,2014,1332.3,Respiratory disease
20074,420.0,females,2014,2519.8,Respiratory disease
20177,97.0,females,2014,1623.4,Respiratory disease
20090,239.0,females,2014,2045.4,Respiratory disease
20029,78.0,females,2014,928.7,Respiratory disease
20140,309.0,females,2014,1544.5,Respiratory disease
30135,159.0,females,2014,2366.6,Respiratory disease
20121,164.0,females,2014,1417.9,Respiratory disease
50032,203.0,females,2014,1245.6,Respiratory disease
30187,157.0,females,2014,3121.7,Respiratory disease
20236,149.0,females,2014,2099.5,Respiratory disease
20010,99.0,females,2014,1750.4,Respiratory disease
20046,91.0,females,2014,1495.3,Respiratory disease
20064,153.0,females,2014,1420.3,Respiratory disease
20016,94.0,females,2014,1489.1,Respiratory disease
20073,93.0,females,2014,1712.4,Respiratory disease
20178,226.0,females,2014,1742.1,Respiratory disease
20157,196.0,females,2014,1776.3,Respiratory disease
20104,114.0,females,2014,1694.5,Respiratory disease
20173,276.0,females,2014,2328.7,Respiratory disease
20175,145.0,females,2014,1350.3,Respiratory disease
20161,186.0,females,2014,1600.6,Respiratory disease
10186,193.0,females,2014,2643.9,Respiratory disease
10309,199.0,females,2014,3319.3,Respiratory disease
10264,167.0,females,2014,2198.2,Respiratory disease
20055,250.0,females,2014,1294.3,Respiratory disease
10019,336.0,females,2014,3069.9,Respiratory disease
20241,,females,2014,,Respiratory disease
20211,147.0,females,2014,1405.8,Respiratory disease
50070,88.0,females,2014,2004.3,Respiratory disease
50049,67.0,females,2014,1656.6,Respiratory disease
50115,146.0,females,2014,4128.0,Respiratory disease
10327,110.0,females,2014,1757.6,Respiratory disease
20080,137.0,females,2014,1552.0,Respiratory disease
20084,316.0,females,2014,1913.0,Respiratory disease
50024,176.0,females,2014,1863.1,Respiratory disease
50041,116.0,females,2014,1338.8,Respiratory disease
50003,51.0,females,2014,1909.3,Respiratory disease
30125,161.0,females,2014,3299.8,Respiratory disease
20015,106.0,females,2014,1501.1,Respiratory disease
20091,87.0,females,2014,1595.7,Respiratory disease
20193,,females,2014,,Respiratory disease
20212,219.0,females,2014,1900.3,Respiratory disease
20122,112.0,females,2014,2133.8,Respiratory disease
20042,181.0,females,2014,1925.8,Respiratory disease
20127,212.0,females,2014,1991.2,Respiratory disease
20135,271.0,females,2014,1773.5,Respiratory disease
20166,249.0,females,2014,1703.6,Respiratory disease
20176,287.0,females,2014,1932.0,Respiratory disease
20179,181.0,females,2014,1718.5,Respiratory disease
20030,225.0,females,2014,1346.3,Respiratory disease
20213,251.0,females,2014,1640.1,Respiratory disease
20162,243.0,females,2014,1824.3,Respiratory disease
20165,244.0,females,2014,1970.8,Respiratory disease
30183,385.0,females,2014,3004.8,Respiratory disease
20071,385.0,females,2014,1761.3,Respiratory disease
40031,415.0,females,2014,2533.3,Respiratory disease
20056,249.0,females,2014,1304.6,Respiratory disease
20133,106.0,females,2014,1910.4,Respiratory disease
20109,118.0,females,2014,1736.8,Respiratory disease
20085,202.0,females,2014,1648.7,Respiratory disease
20203,,females,2014,,Respiratory disease
20059,43.0,females,2014,1030.9,Respiratory disease
20065,88.0,females,2014,1300.4,Respiratory disease
20058,74.0,females,2014,1243.8,Respiratory disease
20134,185.0,females,2014,1902.8,Respiratory disease
20221,69.0,females,2014,1590.2,Respiratory disease
20198,224.0,females,2014,2030.3,Respiratory disease
20077,49.0,females,2014,1068.3,Respiratory disease
20146,107.0,females,2014,1676.9,Respiratory disease
20031,229.0,females,2014,1369.4,Respiratory disease
20110,109.0,females,2014,2126.8,Respiratory disease
50004,175.0,females,2014,2582.9,Respiratory disease
20105,326.0,females,2014,1641.4,Respiratory disease
20066,,females,2014,,Respiratory disease
20060,69.0,females,2014,1358.1,Respiratory disease
20049,341.0,females,2014,1606.9,Respiratory disease
20052,458.0,females,2014,1906.3,Respiratory disease
50121,,females,2014,,Respiratory disease
30052,120.0,females,2014,1479.6,Respiratory disease
20216,180.0,females,2014,2106.6,Respiratory disease
20167,,females,2014,,Respiratory disease
20096,106.0,females,2014,1663.3,Respiratory disease
20215,106.0,females,2014,2002.9,Respiratory disease
20021,289.0,females,2014,1888.6,Respiratory disease
20116,73.0,females,2014,2205.0,Respiratory disease
20194,,females,2014,,Respiratory disease
40036,133.0,females,2014,1912.5,Respiratory disease
20204,89.0,females,2014,1856.3,Respiratory disease
50025,110.0,females,2014,1950.1,Respiratory disease
50042,120.0,females,2014,1532.1,Respiratory disease
50014,105.0,females,2014,943.4,Respiratory disease
50009,116.0,females,2014,1193.8,Respiratory disease
30100,124.0,females,2014,2324.6,Respiratory disease
30228,261.0,females,2014,2559.2,Respiratory disease
20174,274.0,females,2014,2531.0,Respiratory disease
20158,65.0,females,2014,1454.4,Respiratory disease
20214,157.0,females,2014,2204.4,Respiratory disease
20111,256.0,females,2014,2017.3,Respiratory disease
20219,155.0,females,2014,1481.2,Respiratory disease
20128,123.0,females,2014,2349.3,Respiratory disease
20097,260.0,females,2014,1440.9,Respiratory disease
20061,213.0,females,2014,1377.4,Respiratory disease
20199,39.0,females,2014,2212.3,Respiratory disease
20053,284.0,females,2014,1327.5,Respiratory disease
20164,426.0,females,2014,2489.0,Respiratory disease
30131,293.0,females,2014,2271.5,Respiratory disease
20256,,females,2014,,Respiratory disease
20257,318.0,females,2014,1837.3,Respiratory disease
20072,127.0,females,2014,1529.1,Respiratory disease
20266,334.0,females,2014,2151.0,Respiratory disease
20245,389.0,females,2014,2200.1,Respiratory disease
20154,229.0,females,2014,1441.1,Respiratory disease
30222,95.0,females,2014,2208.7,Respiratory disease
20225,,females,2014,,Respiratory disease
20112,122.0,females,2014,1773.3,Respiratory disease
30026,174.0,females,2014,1934.8,Respiratory disease
20180,454.0,females,2014,1926.1,Respiratory disease
20237,286.0,females,2014,1799.8,Respiratory disease
20267,261.0,females,2014,1812.8,Respiratory disease
20233,,females,2014,,Respiratory disease
20217,152.0,females,2014,1794.0,Respiratory disease
20013,97.0,females,2014,1615.0,Respiratory disease
30064,237.0,females,2014,2013.4,Respiratory disease
20265,125.0,females,2014,2090.8,Respiratory disease
20106,116.0,females,2014,1837.4,Respiratory disease
20220,183.0,females,2014,1389.9,Respiratory disease
20117,573.0,females,2014,3392.2,Respiratory disease
20014,,females,2014,,Respiratory disease
20148,195.0,females,2014,1341.2,Respiratory disease
20242,85.0,females,2014,1490.5,Respiratory disease
60007,21.0,females,2014,1230.4,Respiratory disease
20249,169.0,females,2014,2071.8,Respiratory disease
30161,167.0,females,2014,2430.5,Respiratory disease
20067,134.0,females,2014,1324.4,Respiratory disease
20168,244.0,females,2014,1842.3,Respiratory disease
20230,172.0,females,2014,1541.0,Respiratory disease
20182,171.0,females,2014,1709.4,Respiratory disease
20017,125.0,females,2014,1776.2,Respiratory disease
20147,248.0,females,2014,1532.2,Respiratory disease
20258,,females,2014,,Respiratory disease
20063,218.0,females,2014,1622.6,Respiratory disease
30181,136.0,females,2014,2621.2,Respiratory disease
20079,85.0,females,2014,1770.3,Respiratory disease
30152,171.0,females,2014,3538.4,Respiratory disease
20260,,females,2014,,Respiratory disease
20019,242.0,females,2014,1529.6,Respiratory disease
30047,53.0,females,2014,1096.4,Respiratory disease
20200,62.0,females,2014,2034.6,Respiratory disease
60002,201.0,females,2014,1262.7,Respiratory disease
60006,52.0,females,2014,2013.4,Respiratory disease
20034,222.0,females,2014,1263.2,Respiratory disease
20004,136.0,females,2014,1513.0,Respiratory disease
30105,310.0,females,2014,2545.4,Respiratory disease
20075,172.0,females,2014,1949.9,Respiratory disease
30059,244.0,females,2014,2028.7,Respiratory disease
20150,111.0,females,2014,1441.0,Respiratory disease
20081,61.0,females,2014,1518.0,Respiratory disease
20183,288.0,females,2014,1893.2,Respiratory disease
20093,180.0,females,2014,2217.1,Respiratory disease
20229,,females,2014,,Respiratory disease
30051,59.0,females,2014,1710.0,Respiratory disease
20268,39.0,females,2014,2221.1,Respiratory disease
20018,96.0,females,2014,1943.9,Respiratory disease
20136,248.0,females,2014,1513.3,Respiratory disease
20086,391.0,females,2014,2198.3,Respiratory disease
20169,209.0,females,2014,2268.1,Respiratory disease
70001,173.0,females,2014,2428.9,Respiratory disease
20098,308.0,females,2014,1778.7,Respiratory disease
40077,,females,2014,,Respiratory disease
20275,346.0,females,2014,1928.1,Respiratory disease
20188,186.0,females,2014,2178.0,Respiratory disease
40030,294.0,females,2014,2072.8,Respiratory disease
20170,302.0,females,2014,2064.4,Respiratory disease
30058,200.0,females,2014,1647.9,Respiratory disease
40086,,females,2014,,Respiratory disease
40079,,females,2014,,Respiratory disease
20171,179.0,females,2014,2324.3,Respiratory disease
40051,293.0,females,2014,2460.1,Respiratory disease
50127,99.0,females,2014,1716.4,Respiratory disease
30057,216.0,females,2014,1949.8,Respiratory disease
20243,203.0,females,2014,1657.3,Respiratory disease
50054,86.0,females,2014,1200.0,Respiratory disease
20234,393.0,females,2014,2210.9,Respiratory disease
30214,134.0,females,2014,1556.0,Respiratory disease
30107,192.0,females,2014,1727.4,Respiratory disease
40083,132.0,females,2014,6953.8,Respiratory disease
20205,44.0,females,2014,1308.0,Respiratory disease
40055,121.0,females,2014,1569.7,Respiratory disease
30170,371.0,females,2014,2771.1,Respiratory disease
20107,186.0,females,2014,1406.4,Respiratory disease
30036,205.0,females,2014,1666.9,Respiratory disease
30194,296.0,females,2014,2883.7,Respiratory disease
30000,325.0,females,2014,2002.0,Respiratory disease
20235,27.0,females,2014,1247.6,Respiratory disease
40009,188.0,females,2014,1623.9,Respiratory disease
30176,217.0,females,2014,1764.0,Respiratory disease
30215,138.0,females,2014,1454.6,Respiratory disease
60008,195.0,females,2014,1904.5,Respiratory disease
60009,156.0,females,2014,1851.3,Respiratory disease
30223,307.0,females,2014,2169.5,Respiratory disease
30060,169.0,females,2014,1547.8,Respiratory disease
30172,122.0,females,2014,1872.8,Respiratory disease
30014,251.0,females,2014,1816.4,Respiratory disease
60003,70.0,females,2014,1374.9,Respiratory disease
60030,83.0,females,2014,1560.6,Respiratory disease
60032,85.0,females,2014,1440.7,Respiratory disease
60025,90.0,females,2014,1733.1,Respiratory disease
30012,162.0,females,2014,1896.0,Respiratory disease
30054,87.0,females,2014,1296.3,Respiratory disease
30001,276.0,females,2014,2147.1,Respiratory disease
20113,144.0,females,2014,1824.6,Respiratory disease
30095,159.0,females,2014,2105.4,Respiratory disease
30080,333.0,females,2014,3178.6,Respiratory disease
40046,233.0,females,2014,2772.4,Respiratory disease
30024,207.0,females,2014,1799.3,Respiratory disease
30202,154.0,females,2014,2342.5,Respiratory disease
30075,172.0,females,2014,2721.5,Respiratory disease
30118,112.0,females,2014,1656.4,Respiratory disease
30141,245.0,females,2014,3000.5,Respiratory disease
30088,483.0,females,2014,3569.6,Respiratory disease
30153,234.0,females,2014,2269.8,Respiratory disease
30025,104.0,females,2014,1284.3,Respiratory disease
30196,224.0,females,2014,2277.6,Respiratory disease
30217,180.0,females,2014,1941.9,Respiratory disease
30114,253.0,females,2014,2476.1,Respiratory disease
30139,298.0,females,2014,2245.4,Respiratory disease
40043,62.0,females,2014,1225.6,Respiratory disease
30189,187.0,females,2014,2151.5,Respiratory disease
30083,450.0,females,2014,3389.7,Respiratory disease
30232,293.0,females,2014,1828.5,Respiratory disease
30082,174.0,females,2014,2720.3,Respiratory disease
30069,221.0,females,2014,2634.4,Respiratory disease
30224,83.0,females,2014,1509.3,Respiratory disease
80002,112.0,females,2014,2129.8,Respiratory disease
30096,207.0,females,2014,1673.5,Respiratory disease
30013,222.0,females,2014,1868.5,Respiratory disease
30020,184.0,females,2014,2034.9,Respiratory disease
30146,187.0,females,2014,2017.2,Respiratory disease
40076,143.0,females,2014,2091.0,Respiratory disease
50117,,females,2014,,Respiratory disease
30116,183.0,females,2014,1992.8,Respiratory disease
30050,83.0,females,2014,1333.5,Respiratory disease
40052,95.0,females,2014,1824.5,Respiratory disease
30008,166.0,females,2014,2347.1,Respiratory disease
50109,65.0,females,2014,2332.4,Respiratory disease
30188,299.0,females,2014,1663.4,Respiratory disease
30226,470.0,females,2014,3545.9,Respiratory disease
80001,245.0,females,2014,2075.7,Respiratory disease
60018,197.0,females,2014,1654.1,Respiratory disease
30070,197.0,females,2014,3465.7,Respiratory disease
30147,274.0,females,2014,2011.2,Respiratory disease
30227,203.0,females,2014,2571.8,Respiratory disease
30101,189.0,females,2014,3049.5,Respiratory disease
30234,193.0,females,2014,1930.2,Respiratory disease
30084,96.0,females,2014,2694.4,Respiratory disease
50080,83.0,females,2014,1381.6,Respiratory disease
30225,273.0,females,2014,1825.0,Respiratory disease
30098,399.0,females,2014,3267.2,Respiratory disease
30097,357.0,females,2014,2503.0,Respiratory disease
30159,306.0,females,2014,2241.0,Respiratory disease
30117,190.0,females,2014,1579.5,Respiratory disease
30119,126.0,females,2014,1547.7,Respiratory disease
30140,58.0,females,2014,1073.1,Respiratory disease
30191,287.0,females,2014,2283.2,Respiratory disease
30192,442.0,females,2014,2859.5,Respiratory disease
30027,118.0,females,2014,1630.0,Respiratory disease
70008,507.0,females,2014,10703.4,Respiratory disease
50126,54.0,females,2014,2601.6,Respiratory disease
30112,184.0,females,2014,3202.4,Respiratory disease
30205,193.0,females,2014,1795.2,Respiratory disease
30023,96.0,females,2014,1782.0,Respiratory disease
70009,248.0,females,2014,9272.1,Respiratory disease
30108,194.0,females,2014,1969.5,Respiratory disease
30041,132.0,females,2014,1457.7,Respiratory disease
30042,117.0,females,2014,1684.7,Respiratory disease
30203,134.0,females,2014,1701.3,Respiratory disease
50124,156.0,females,2014,2336.1,Respiratory disease
30044,143.0,females,2014,1237.9,Respiratory disease
30045,139.0,females,2014,1556.6,Respiratory disease
30015,131.0,females,2014,2427.7,Respiratory disease
30071,335.0,females,2014,2946.4,Respiratory disease
30167,168.0,females,2014,2832.8,Respiratory disease
30089,136.0,females,2014,1589.3,Respiratory disease
50122,90.0,females,2014,1510.1,Respiratory disease
30003,251.0,females,2014,1993.5,Respiratory disease
50062,73.0,females,2014,1168.0,Respiratory disease
30104,388.0,females,2014,2648.5,Respiratory disease
30218,185.0,females,2014,1885.7,Respiratory disease
30149,189.0,females,2014,2160.4,Respiratory disease
30193,195.0,females,2014,1621.1,Respiratory disease
30033,84.0,females,2014,1775.9,Respiratory disease
30162,204.0,females,2014,2527.8,Respiratory disease
30157,142.0,females,2014,2167.4,Respiratory disease
30150,287.0,females,2014,2443.4,Respiratory disease
30091,114.0,females,2014,1627.4,Respiratory disease
30111,262.0,females,2014,2557.8,Respiratory disease
30206,118.0,females,2014,1670.0,Respiratory disease
30063,203.0,females,2014,1989.3,Respiratory disease
50110,15.0,females,2014,1193.6,Respiratory disease
50094,,females,2014,,Respiratory disease
50096,,females,2014,,Respiratory disease
30102,289.0,females,2014,2413.6,Respiratory disease
30219,125.0,females,2014,1971.8,Respiratory disease
30207,284.0,females,2014,1959.5,Respiratory disease
30178,259.0,females,2014,2303.5,Respiratory disease
50119,56.0,females,2014,1579.9,Respiratory disease
30122,259.0,females,2014,2393.5,Respiratory disease
30081,211.0,females,2014,2494.9,Respiratory disease
30120,169.0,females,2014,1945.2,Respiratory disease
30055,77.0,females,2014,1631.5,Respiratory disease
30177,201.0,females,2014,1734.3,Respiratory disease
50103,387.0,females,2014,8095.0,Respiratory disease
30121,235.0,females,2014,2213.0,Respiratory disease
30030,126.0,females,2014,1920.4,Respiratory disease
30028,156.0,females,2014,1946.1,Respiratory disease
30099,53.0,females,2014,1682.2,Respiratory disease
30136,145.0,females,2014,2709.1,Respiratory disease
30220,239.0,females,2014,1720.4,Respiratory disease
30208,150.0,females,2014,1735.4,Respiratory disease
60000,55.0,females,2014,1568.7,Respiratory disease
50092,91.0,females,2014,1688.4,Respiratory disease
30086,108.0,females,2014,2229.5,Respiratory disease
30156,140.0,females,2014,1625.1,Respiratory disease
30049,217.0,females,2014,1717.2,Respiratory disease
30067,258.0,females,2014,3106.8,Respiratory disease
80009,137.0,females,2014,1470.4,Respiratory disease
50012,198.0,females,2014,1137.0,Respiratory disease
30143,329.0,females,2014,2635.1,Respiratory disease
30093,272.0,females,2014,2938.6,Respiratory disease
30231,300.0,females,2014,2576.2,Respiratory disease
30163,208.0,females,2014,2491.9,Respiratory disease
50016,47.0,females,2014,1061.2,Respiratory disease
80018,106.0,females,2014,1482.3,Respiratory disease
30195,104.0,females,2014,1820.1,Respiratory disease
30074,136.0,females,2014,2141.9,Respiratory disease
30221,180.0,females,2014,1631.8,Respiratory disease
30046,123.0,females,2014,1309.8,Respiratory disease
30072,204.0,females,2014,2902.5,Respiratory disease
30073,279.0,females,2014,2849.3,Respiratory disease
30065,258.0,females,2014,2720.7,Respiratory disease
40035,304.0,females,2014,1843.6,Respiratory disease
60043,85.0,females,2014,1591.8,Respiratory disease
30209,86.0,females,2014,1598.2,Respiratory disease
30085,233.0,females,2014,2293.2,Respiratory disease
30029,128.0,females,2014,1762.7,Respiratory disease
60029,61.0,females,2014,1509.0,Respiratory disease
60001,75.0,females,2014,1867.5,Respiratory disease
60041,191.0,females,2014,2101.5,Respiratory disease
60019,115.0,females,2014,1463.0,Respiratory disease
30009,220.0,females,2014,1669.6,Respiratory disease
30090,103.0,females,2014,2126.8,Respiratory disease
30087,257.0,females,2014,2391.8,Respiratory disease
30124,193.0,females,2014,2252.8,Respiratory disease
30016,223.0,females,2014,1910.9,Respiratory disease
40001,60.0,females,2014,1548.6,Respiratory disease
60031,14.0,females,2014,1009.5,Respiratory disease
60037,47.0,females,2014,688.6,Respiratory disease
30043,161.0,females,2014,1478.5,Respiratory disease
30092,304.0,females,2014,3132.4,Respiratory disease
30039,162.0,females,2014,1680.3,Respiratory disease
30032,178.0,females,2014,1517.9,Respiratory disease
30229,191.0,females,2014,2600.7,Respiratory disease
30127,266.0,females,2014,3476.8,Respiratory disease
30154,272.0,females,2014,2817.1,Respiratory disease
30204,214.0,females,2014,2235.1,Respiratory disease
30115,176.0,females,2014,2591.2,Respiratory disease
80020,55.0,females,2014,1318.4,Respiratory disease
30173,196.0,females,2014,1714.9,Respiratory disease
30068,186.0,females,2014,2184.6,Respiratory disease
30010,97.0,females,2014,1697.0,Respiratory disease
30235,296.0,females,2014,2234.9,Respiratory disease
30148,228.0,females,2014,2257.0,Respiratory disease
30210,191.0,females,2014,1320.6,Respiratory disease
30034,188.0,females,2014,2095.3,Respiratory disease
30158,273.0,females,2014,3382.3,Respiratory disease
30103,258.0,females,2014,2533.3,Respiratory disease
30168,236.0,females,2014,2090.8,Respiratory disease
30056,82.0,females,2014,1540.1,Respiratory disease
30031,295.0,females,2014,1820.0,Respiratory disease
30185,159.0,females,2014,1859.4,Respiratory disease
30216,180.0,females,2014,1953.1,Respiratory disease
30198,261.0,females,2014,2437.4,Respiratory disease
80021,96.0,females,2014,1389.8,Respiratory disease
60048,50.0,females,2014,1477.4,Respiratory disease
30160,279.0,females,2014,2706.1,Respiratory disease
30094,198.0,females,2014,2032.9,Respiratory disease
30077,167.0,females,2014,2554.2,Respiratory disease
30053,77.0,females,2014,1320.2,Respiratory disease
30211,455.0,females,2014,2863.9,Respiratory disease
30200,123.0,females,2014,1729.7,Respiratory disease
30179,112.0,females,2014,1692.2,Respiratory disease
30113,240.0,females,2014,2613.2,Respiratory disease
30199,118.0,females,2014,1614.9,Respiratory disease
30197,152.0,females,2014,1542.5,Respiratory disease
20252,178.0,females,2014,1916.7,Respiratory disease
30018,327.0,females,2014,1906.8,Respiratory disease
30180,98.0,females,2014,1809.8,Respiratory disease
30155,231.0,females,2014,2167.7,Respiratory disease
60035,22.0,females,2014,882.8,Respiratory disease
60050,42.0,females,2014,1942.5,Respiratory disease
30165,159.0,females,2014,2275.7,Respiratory disease
30166,164.0,females,2014,2522.2,Respiratory disease
30062,110.0,females,2014,1596.9,Respiratory disease
30037,139.0,females,2014,1723.1,Respiratory disease
30151,164.0,females,2014,2135.4,Respiratory disease
20012,83.0,females,2014,1227.4,Respiratory disease
30004,177.0,females,2014,1888.4,Respiratory disease
30005,106.0,females,2014,2342.2,Respiratory disease
30145,333.0,females,2014,2197.3,Respiratory disease
30144,250.0,females,2014,1826.2,Respiratory disease
30171,387.0,females,2014,2457.1,Respiratory disease
40047,120.0,females,2014,2092.5,Respiratory disease
30038,131.0,females,2014,2885.8,Respiratory disease
30110,56.0,females,2014,1185.1,Respiratory disease
30106,153.0,females,2014,2221.1,Respiratory disease
10283,123.0,females,2014,1433.9,Respiratory disease
30076,343.0,females,2014,2839.8,Respiratory disease
30017,139.0,females,2014,1953.7,Respiratory disease
30040,223.0,females,2014,1754.1,Respiratory disease
30035,82.0,females,2014,1529.3,Respiratory disease
30201,137.0,females,2014,2002.0,Respiratory disease
30019,167.0,females,2014,2119.1,Respiratory disease
30134,175.0,females,2014,2012.7,Respiratory disease
20062,245.0,females,2014,1645.0,Respiratory disease
20226,,females,2014,,Respiratory disease
20261,240.0,females,2014,2606.7,Respiratory disease
20149,108.0,females,2014,2093.5,Respiratory disease
30186,139.0,females,2014,2811.7,Respiratory disease
30079,158.0,females,2014,2341.9,Respiratory disease
30129,302.0,females,2014,2555.2,Respiratory disease
30130,171.0,females,2014,2075.2,Respiratory disease
30230,197.0,females,2014,1543.5,Respiratory disease
30048,201.0,females,2014,1626.8,Respiratory disease
30109,210.0,females,2014,1981.8,Respiratory disease
30006,123.0,females,2014,1915.5,Respiratory disease
30233,281.0,females,2014,1800.0,Respiratory disease
40089,378.0,females,2014,1864.9,Respiratory disease
10225,147.0,females,2014,2243.1,Respiratory disease
30002,94.0,females,2014,1787.5,Respiratory disease
30011,142.0,females,2014,1788.2,Respiratory disease
30078,95.0,females,2014,2222.5,Respiratory disease
30133,108.0,females,2014,1722.1,Respiratory disease
40078,92.0,females,2014,2039.9,Respiratory disease
40007,176.0,females,2014,1120.3,Respiratory disease
40040,373.0,females,2014,2104.3,Respiratory disease
40084,316.0,females,2014,3872.6,Respiratory disease
40070,82.0,females,2014,1593.1,Respiratory disease
40057,142.0,females,2014,1584.0,Respiratory disease
50097,144.0,females,2014,2712.1,Respiratory disease
50027,71.0,females,2014,1168.2,Respiratory disease
30007,178.0,females,2014,1926.7,Respiratory disease
10251,300.0,females,2014,2503.5,Respiratory disease
30022,84.0,females,2014,1845.5,Respiratory disease
30164,398.0,females,2014,2926.7,Respiratory disease
30169,186.0,females,2014,2624.8,Respiratory disease
10257,,females,2014,,Respiratory disease
10293,232.0,females,2014,1981.7,Respiratory disease
50056,232.0,females,2014,1575.6,Respiratory disease
50048,65.0,females,2014,2141.8,Respiratory disease
50029,87.0,females,2014,1233.2,Respiratory disease
50078,116.0,females,2014,1790.9,Respiratory disease
60034,12.0,females,2014,958.1,Respiratory disease
60033,32.0,females,2014,1774.4,Respiratory disease
60028,218.0,females,2014,1944.2,Respiratory disease
60017,124.0,females,2014,1661.9,Respiratory disease
70007,697.0,females,2014,6225.8,Respiratory disease
70004,113.0,females,2014,1573.8,Respiratory disease
40044,268.0,females,2014,2115.8,Respiratory disease
40000,57.0,females,2014,1144.9,Respiratory disease
80015,206.0,females,2014,1660.3,Respiratory disease
60014,126.0,females,2014,1190.7,Respiratory disease
50125,150.0,females,2014,1804.3,Respiratory disease
60024,19.0,females,2014,922.3,Respiratory disease
60042,45.0,females,2014,1595.6,Respiratory disease
60026,66.0,females,2014,1456.1,Respiratory disease
60012,127.0,females,2014,1373.6,Respiratory disease
70003,84.0,females,2014,994.6,Respiratory disease
60038,89.0,females,2014,901.0,Respiratory disease
60045,36.0,females,2014,1269.2,Respiratory disease
60023,20.0,females,2014,553.1,Respiratory disease
60049,62.0,females,2014,2784.0,Respiratory disease
60039,96.0,females,2014,2214.1,Respiratory disease
80006,11.0,females,2014,2269.7,Respiratory disease
80003,153.0,females,2014,1337.2,Respiratory disease
80007,161.0,females,2014,3452.6,Respiratory disease
80014,128.0,females,2014,1652.7,Respiratory disease
80019,201.0,females,2014,1601.4,Respiratory disease
80005,,females,2014,,Respiratory disease
